{
  "timestamp": "2025-10-24 01:41:44",
  "controller": "PPO_Run7",
  "duration_seconds": 122.41298055648804,
  "total_steps": 46,
  "vehicles_cleared": 56,
  "phase_changes": 15,
  "yellow_transitions": 15,
  "yellow_duration_seconds": 2.0,
  "button_presses": {
    "north": 15,
    "south": 12,
    "east": 18,
    "west": 13
  },
  "final_queues": [
    0.0,
    0.0,
    2.0,
    0.0
  ],
  "inference_times": {
    "mean_ms": 6.20015807773756,
    "max_ms": 11.560201644897461,
    "min_ms": 2.6748180389404297,
    "std_ms": 1.4851066908834858,
    "real_time_capable": true
  }
}