{
  "timestamp": "2025-10-20 02:48:16",
  "controller": "PPO_Run7",
  "duration_seconds": 30.11571979522705,
  "total_steps": 15,
  "vehicles_cleared": 13,
  "phase_changes": 2,
  "button_presses": {
    "north": 3,
    "south": 0,
    "east": 6,
    "west": 5
  },
  "final_queues": [
    1.0,
    0.0,
    0.0,
    0.0
  ],
  "inference_times": {
    "mean_ms": 5.583810806274414,
    "max_ms": 6.7729949951171875,
    "min_ms": 2.7120113372802734,
    "std_ms": 0.813205156101359,
    "real_time_capable": true
  }
}