{
  "timestamp": "2025-10-20 03:07:28",
  "controller": "PPO_Run7",
  "duration_seconds": 120.47632551193237,
  "total_steps": 60,
  "vehicles_cleared": 61,
  "phase_changes": 18,
  "button_presses": {
    "north": 18,
    "south": 16,
    "east": 13,
    "west": 17
  },
  "final_queues": [
    2.0,
    0.0,
    0.0,
    1.0
  ],
  "inference_times": {
    "mean_ms": 5.705209573109944,
    "max_ms": 9.021997451782227,
    "min_ms": 2.7441978454589844,
    "std_ms": 0.6416984967973002,
    "real_time_capable": true
  }
}