{
  "timestamp": "2025-10-20 01:57:30",
  "controller": "PPO_Run7",
  "duration_seconds": 120.78544425964355,
  "total_steps": 120,
  "vehicles_cleared": 12,
  "phase_changes": 16,
  "button_presses": {
    "north": 1,
    "south": 2,
    "east": 3,
    "west": 6
  },
  "final_queues": [
    0.0,
    0.0,
    0.0,
    0.0
  ],
  "inference_times": {
    "mean_ms": 5.6482334931691485,
    "max_ms": 8.481502532958984,
    "min_ms": 2.568483352661133,
    "std_ms": 0.5983919442854493,
    "real_time_capable": true
  }
}